N.,Codice articolo,Nome articolo,Categoria,Quantità,Prezzo unitario,Quantità minima,Valore totale,Fornitore,Foto
3,KUL.000290,AGHI CARPULE 30G X 21 MM GIALLI KULZER,Anestesia-Farmacia,199,€0.12,,€24.80,VS DENTAL,
4,OGN.000179,BOMA M.D. DG001022 25 PZ,Anestesia-Farmacia,0,€0.97,,€0.00,DENTAL LEADER,
5,OGN.000095,LIDOCAINA SPRAY OGNA,Anestesia-Farmacia,0,€23.46,,€0.00,VS DENTAL,
6,KUL.000758,LIGOSAN GEL KULZER 2 PZ,Anestesia-Farmacia,0,€75.50,,€0.00,VS DENTAL,
7,OGN.000034,PULPOFLUORANE 235 ML SEPTODONT,Anestesia-Farmacia,0,€42.00,,€0.00,VS DENTAL,
8,OGN.000054,SCANDONEST 3% SENZA ADRENALINA. VERDE . SEPTODONT,Anestesia-Farmacia,0,€0.44,1,€0.00,VS DENTAL,
9,OGN.000013,SEPTANEST 4% CON ADRENALINA 1:200.000. VERDE. SEPTODONT,Anestesia-Farmacia,100,€0.44,1,€44.16,VS DENTAL,
12,DNT.000063,CALXYL BLU SIRINGA 3G,Cementi,0,€23.28,,€0.00,VS DENTAL,
13,TRM.000651,CAVIT ROSSO,Cementi,5,€2.93,1,€14.65,VS DENTAL,
14,DSY.000146,DYCAL DENTIN BASE + CATALIZZATORE DENTSPLY,Cementi,0,€25.50,,€0.00,VS DENTAL,
15,DSY.000074,IRM CEMENTO KIT BASE 60661500,Cementi,0,€43.12,,€0.00,VS DENTAL,
16,TRM.000728,RELYX UNICEM 2 AUTOMIX A2 UNIVERSAL,Cementi,7,€97.02,1,€679.14,VS DENTAL,
18,TRM.000729,RELYX UNICEM 2 AUTOMIX RICAMBIO A3 OPACO 56847,Cementi,0,€99.63,,€0.00,VS DENTAL,
20,VIV.000771,SPEEDCEM PLUS REFILL TRASPARENTE 9GR 681712WW,Cementi,0,€95.63,,€0.00,VS DENTAL,
21,VIV.000630,"TELIO CS ONLAY REFIL UNIVERSAL SIRINGHE 3X2,5GR",Cementi,6,€14.21,1,€85.24,VS DENTAL,
22,KER.000170,TEMP BOND NE SENZA EUGEN. KERR,Cementi,1,€23.60,1,€23.60,VS DENTAL,
23,KER.000197,TEMP BOND SENZA MODIF.,Cementi,0,€22.13,,€0.00,VS DENTAL,
24,VIV.000733,VARIOLINK ESTHETIC DC REFIL 1X 5GR LIGHT,Cementi,0,€83.22,,€0.00,VS DENTAL,
25,VIV.000747,VARIOLINK ESTHETIC DC REFIL 1X5GR WARM,Cementi,0,€83.22,,€0.00,VS DENTAL,
27,VIV.000269,VIVAGLASS CEM PL ASSORTIMENTO POLVERE + LIQUIDO 562256AN,Cementi,0,€61.90,,€0.00,VS DENTAL,
28,30802.6,GEISTLICH BIO-GIDE 25X25MM,Chirurgia,0,€135.00,,€0.00,GEISTLICH BIOMATERIALS ITALIA S.R.L,
29,30641.2,"GEISTLICH BIO-OSS 0.25-1MM, 0.25G",Chirurgia,0,€88.00,,€0.00,GEISTLICH BIOMATERIALS ITALIA S.R.L,
30,30643.3,"GRISTLICH bio-oss 0.25-1mm, 0.5g",Chirurgia,0,€82.00,,€0.00,GEISTLICH BIOMATERIALS ITALIA S.R.L,
32,OMN.000106,SET IRRIGAZIONE 32.F0008,Chirurgia,-5,€5.77,,-€28.86,VS DENTAL,
33,ETH.000079,SUTURA ETHICON V385H VICRYL V385H 5/0 36PZ,Chirurgia,0,€6.67,,€0.00,VS DENTAL,
34,ETH.000089,Sutura vicryl v385h 5/0 36PZ,Chirurgia,0,€6.67,,€0.00,VS DENTAL,
35,ETH.000057,SUTURE ETHICON K952H 4/0 SETA 75CM,Chirurgia,0,€3.69,,€0.00,VS DENTAL,
36,ETH.000058,SUTURE ETHICON K953H 3/0 SETA 75CM,Chirurgia,0,€3.48,,€0.00,VS DENTAL,
38,X.10036,ALCOR DISINFETTANTE 3L,Disinfezione Pulizia,0,€15.00,1,€0.00,D&A s.r.l.s,
39,PUL.000001,AMMONIACA PROF 2% 1L,Disinfezione Pulizia,0,€0.19,1,€0.00,ROSSETTO,
41,00008,CANDEGGINA,Disinfezione Pulizia,0,€1.49,1,€0.00,ROSSETTO,
43,00012,DETERGENTE PER WATER,Disinfezione Pulizia,0,€1.99,1,€0.00,ROSSETTO,
44,00005,DETERSIVO LAVATRICE,Disinfezione Pulizia,0,€3.49,1,€0.00,ROSSETTO,
45,00014,DETERSIVO VETRI,Disinfezione Pulizia,0,€1.62,1,€0.00,ROSSETTO,
48,DEM.000041,HELIX TEST SYSTEM,Disinfezione Pulizia,0,€0.68,,€0.00,VS DENTAL,
49,DUR.000107,ID 212 FORTE DURR DENTAL,Disinfezione Pulizia,1,€49.20,,€49.20,VS DENTAL,
50,DUR.000363,ID 213 DURR DENTAL,Disinfezione Pulizia,0,€51.52,,€0.00,VS DENTAL,
52,X.10141,LEGNO OK DETERGENTE PAVIMENTI 3LT.,Disinfezione Pulizia,1,€13.65,1,€13.65,VS DENTAL,
54,HAG.000223,ORANGE SOLVENT LIQUIDO 250ML,Disinfezione Pulizia,-1,€8.50,,-€8.50,VS DENTAL,
55,IDS.000161,Peracetic Plus Barattoli 2X500Gr 502002,Disinfezione Pulizia,1,€34.60,1,€34.60,VS DENTAL,
56,MEL.000047,RESINA X MELADEM 40 45W61026,Disinfezione Pulizia,2,€33.80,1,€67.60,VS DENTAL,
57,0034517,ROTTOLONE CARTA BOB 800STR. 2V PURA CELL,Disinfezione Pulizia,0,€4.40,1,€0.00,VS DENTAL,
58,00006,SAPONE LIQUIDO 5L,Disinfezione Pulizia,0,€2.50,,€0.00,ROSSETTO,
59,00009,SPRAY CON CANDEGGINA,Disinfezione Pulizia,0,€1.49,,€0.00,ROSSETTO,
61,DEM.000037,VAPOR-LINE DE MARCO,Disinfezione Pulizia,0,€0.31,,€0.00,VS DENTAL,
65,VIV.000539,CANNULE VIVAPEN,Dispositivi,0,€0.27,,€0.00,VS DENTAL,
66,DUR.000227,FILTRO ASPIRAZIONE,Dispositivi,0,€3.49,,€0.00,VS DENTAL,
67,TRM.000009,MICROPUNTALI CLINPRO 12626T 3M,Dispositivi,0,€0.55,,€0.00,VS DENTAL,
68,VIV.000685,MULTILINK ROOT CANAL TIPS MIXING TIPS 645955,Dispositivi,0,€0.70,,€0.00,VS DENTAL,
69,TRY.000019,PUNTALI MICHELAZIONE MEDI VERDI,Dispositivi,70,€0.33,1,€22.75,VS DENTAL,
70,KUL.000545,PUNTALI MISC. PENTA X DYNAMIX,Dispositivi,0,€1.08,,€0.00,VS DENTAL,
71,ESP.000195,PUNTALI MISCELAZIONE GARANT BIANCHI,Dispositivi,0,€1.07,,€0.00,VS DENTAL,
72,0000014,ACQUA OSSIGENATA 12VOL. DA 250 ML,Endodonzia,-2,€1.20,1,-€2.40,VS DENTAL,
73,HAG.000168,AGHI PER LAVAGGI CANALARI MIRAJECT ENDO LUER 25G,Endodonzia,0,€1.42,,€0.00,VS DENTAL,
75,MAI.0001361,CONI CARTA PER PROTAPER NEXT,Endodonzia,0,€0.14,,€0.00,VS DENTAL,
76,ROE.000031,CONI DI CARTA N.80 ROEKO BIANCHI,Endodonzia,0,€0.06,1,€0.00,VS DENTAL,
77,ROE.000025,CONI DI CARTA N° 40 ROEKO BIANCHI,Endodonzia,0,€0.04,,€0.00,VS DENTAL,
78,ROE.000044,CONI DI CARTA N° 45/80 ASS.,Endodonzia,0,€0.06,1,€0.00,VS DENTAL,
79,ROE.000026,CONI DI CARTA NUMERATI  NR 45 REF 340045,Endodonzia,0,€0.06,1,€0.00,VS DENTAL,
80,101622,CONI DI CARTA R25/R40/R50 RECIPROC,Endodonzia,0,€0.05,1,€0.00,VS DENTAL,
81,INL.000109,CONI DI CARTA STERILI N.35,Endodonzia,0,€0.05,1,€0.00,VS DENTAL,
82,MAI.001357,CONI DI GUTTA PER POTRAPER NEXT X4-X5,Endodonzia,0,€0.25,,€0.00,VS DENTAL,
83,MAI.001354,CONI GUTTA PER PROTAPER NEXT X2 ROSSO,Endodonzia,0,€0.25,,€0.00,VS DENTAL,
84,MAI.001355,CONI GUTTA PER PROTAPER NEXT X3 BLU A0220,Endodonzia,0,€0.25,,€0.00,VS DENTAL,
86,INL.000098,CONI GUTTA STANDARDIZZATI FINE INLINE 100PZ,Endodonzia,0,€0.11,1,€0.00,VS DENTAL,
87,MAI.001535,CONI GUTTA X PROTAPER NEXT CONFORM FIT X3 BLU,Endodonzia,0,€0.29,1,€0.00,VS DENTAL,
88,MAI.001534,CONI GUTTA X PROTAPER NEXT CONFORT FIT X2 ROSSO,Endodonzia,0,€0.29,,€0.00,VS DENTAL,
90,MAI.001536,CONI GUTTA X PROTAPER NEXT CONFORT FIT X4 X5,Endodonzia,0,€0.28,,€0.00,VS DENTAL,
91,MAI.001356,CONI GUTTA X PROTAPER NEXT X2-X3,Endodonzia,0,€0.33,,€0.00,VS DENTAL,
92,OGN.000089,CRESATINA,Endodonzia,0,€51.43,,€0.00,VS DENTAL,
93,VIV.000609,FRC POSTEC PLUS RIC 5PZ MISURA 0 603541AN BLU PERNO 5PZ,Endodonzia,0,€12.90,,€0.00,VS DENTAL,
94,VIV.000439,FRC POSTEC PLUS RIC. 5PZ MISURA 1 BIANCO PERNO 5PZ,Endodonzia,0,€12.90,,€0.00,VS DENTAL,
95,VIV.000440,FRC POSTEC PLUS RIC. MISURA 3 583245 AN ROSSO PERNO 5PZ,Endodonzia,0,€11.20,,€0.00,VS DENTAL,
96,MAI.001175,FRESA ENDO-Z CONICA 152 25MM,Endodonzia,0,€9.20,,€0.00,VS DENTAL,
97,MAI.000288,HEDSTROEM COLOR STER 25mm 08 16D CONF DA 6PZ,Endodonzia,0,€2.17,,€0.00,VS DENTAL,
98,MAI.000289,HEDSTROEM COLOR STER 25mm 10 16D CONF DA 6PZ,Endodonzia,0,€2.07,,€0.00,VS DENTAL,
99,MAI.000321,HEDSTROEM COLOR STER 31. MM 10 16D CONF DA 6PZ,Endodonzia,0,€1.85,,€0.00,VS DENTAL,
101,MAI.000291,HEDSTROEM COLOR STER.25MM 20 16D CONF DA 6PZ,Endodonzia,0,€1.66,,€0.00,VS DENTAL,
102,MAI.000292,HEDSTROEM COLOR STER.25MM 25 16D CONF DA 6PZ,Endodonzia,0,€1.73,,€0.00,VS DENTAL,
103,MAI.000293,HEDSTROEM COLOR STER.25MM 30 16D CONF DA 6PZ,Endodonzia,0,€1.58,,€0.00,VS DENTAL,
104,MAI.000294,HEDSTROEM COLOR STER.25MM 35 16D CONF DA 6 PZ,Endodonzia,0,€1.80,,€0.00,VS DENTAL,
105,MAI.000295,HEDSTROEM COLOR STER.25MM 40 16D CONF DA 6PZ,Endodonzia,0,€1.80,,€0.00,VS DENTAL,
106,MAI.000320,HEDSTROEM COLOR STER.31 MM 08 16D CONF DA 6PZ,Endodonzia,0,€1.85,,€0.00,VS DENTAL,
107,MAI.000322,HEDSTROEM COLOR TER.31 MM 15 16D CONF DA 6 PZ,Endodonzia,0,€1.85,,€0.00,VS DENTAL,
108,VIV.000645,IVOCLEAN Refill 5G 637568An,Endodonzia,0,€27.45,,€0.00,VS DENTAL,
109,MAI.000219,K-FILE COLOR STER 31mm 10 D 6PZ,Endodonzia,0,€1.64,,€0.00,VS DENTAL,
110,MAI.000220,K-FILE COLOR STER 31mm  15 12D 6PZ,Endodonzia,0,€1.64,,€0.00,VS DENTAL,
111,MAI.000218,K-FILE COLOR STER 31mm 08 12D 6PZ,Endodonzia,0,€2.06,,€0.00,VS DENTAL,
112,MAI.000182,K-FILE COLOR STER.25MM 06 12D 6PZ,Endodonzia,0,€2.07,,€0.00,VS DENTAL,
113,MAI.000183,K-FILE COLOR STER.25MM 08 12D 6PZ,Endodonzia,0,€2.17,,€0.00,VS DENTAL,
114,MAI.000184,K-FILE COLOR STER.25MM 10 12D 6PZ,Endodonzia,0,€2.17,,€0.00,VS DENTAL,
115,MAI.000185,K-FILE COLOR STER.25MM 15 12D 6PZ,Endodonzia,0,€1.73,,€0.00,VS DENTAL,
116,MAI.000186,K-FILE COLOR STER.25MM 20 12D 6PZ,Endodonzia,0,€1.66,,€0.00,VS DENTAL,
117,MAI.000187,K-File Color Ster.25Mm 25 12D 6PZ,Endodonzia,0,€1.58,,€0.00,VS DENTAL,
118,MAI.000188,K-File Color Ster.25Mm 30 12D 6PZ,Endodonzia,0,€1.65,,€0.00,VS DENTAL,
119,MAI.000189,K-FILE COLOR STER.25MM 35 12D 6PZ,Endodonzia,0,€1.80,,€0.00,VS DENTAL,
120,MAI.000190,K-File Color Ster.25Mm 40 12D 6PZ,Endodonzia,0,€1.58,,€0.00,VS DENTAL,
122,RON.000047,MICROBRUSH PLUS SUPER  FINE  467/6 RIC.400Pz PER DISPENCER,Endodonzia,0,€0.08,1,€0.00,VS DENTAL,
123,ULT.000109,NAVITIPS 17 MM BIANCA UP1421,Endodonzia,0,€1.41,,€0.00,VS DENTAL,
124,OGN.000132,NICLOR 5 OGNA,Endodonzia,0,€11.17,1,€0.00,VS DENTAL,
126,OGN.000135,PASTA JADOFORMICA RADIOPACA,Endodonzia,0,€32.00,,€0.00,VS DENTAL,
127,MAI.001092,PATHFILE STER.25mm 013 VIOLA 6pz A001522 501303,Endodonzia,0,€9.33,,€0.00,VS DENTAL,
128,LAR.000320,PORTA SPUGNETTE PLASTICA STERY G29 VERDE,Endodonzia,0,€4.56,1,€0.00,VS DENTAL,
129,MAI.001027,PORTAPER GOLD FINISH ING STER GIALLO,Endodonzia,0,€8.47,,€0.00,VS DENTAL,
130,MAI.001380,PROGLIDER FILE STERILE 25MM 016.02 A0923,Endodonzia,0,€13.88,,€0.00,VS DENTAL,
131,MAI.001017,PROTAPER GOLD FINISHING STER NERO,Endodonzia,0,€8.47,,€0.00,VS DENTAL,
132,MAI.001353,PROTAPER NEXT X1 FILE STE. 21 MM,Endodonzia,0,€14.47,,€0.00,VS DENTAL,
133,MAI.001337,PROTAPER NEXT X1 FILE STE.25MM giallo,Endodonzia,0,€13.72,,€0.00,VS DENTAL,
134,MAI.001339,PROTAPER NEXT X2 FILE STER. 21 MM,Endodonzia,0,€14.47,,€0.00,VS DENTAL,
135,MAI.001340,PROTAPER NEXT X2 FILE STER.25MM 31MM ROSSO,Endodonzia,0,€13.72,,€0.00,VS DENTAL,
136,MAI.001343,PROTAPER NEXT X3 FILE ESTR. 25MM BLU,Endodonzia,0,€13.95,,€0.00,VS DENTAL,
137,MAI.001346,PROTAPER NEXT X4 FILE STER 25 MM 040.06,Endodonzia,0,€13.95,,€0.00,VS DENTAL,
138,MAI.001349,PROTAPER NEXT X5 FILE STER 25 MM 050.06,Endodonzia,0,€13.95,,€0.00,VS DENTAL,
139,MAI.001005,PROTAPER UNIVERSAL RETREATMENT D1,Endodonzia,0,€8.86,,€0.00,VS DENTAL,
140,MAI.001006,PROTAPER UNIVERSAL RETREATMENT D2,Endodonzia,0,€8.86,,€0.00,VS DENTAL,
141,MAI.001007,PROTAPER UNIVERSAL RETREATMENT D3,Endodonzia,0,€8.86,,€0.00,VS DENTAL,
142,KER.000048,PULP CANAL SEALER STD,Endodonzia,0,€53.01,,€0.00,VS DENTAL,
143,MAI.001359,PUNTE CARTA  X PROTAPER NEXT X3 BLU,Endodonzia,0,€0.14,,€0.00,VS DENTAL,
144,MAI.001358,PUNTE CARTA X PROTAPER NEXT X2 180PZ. RO SSO A022Q00000200,Endodonzia,0,€0.14,,€0.00,VS DENTAL,
145,MAI.001361,PUNTE CARTA X PROTAPER NEXT X4-X5,Endodonzia,0,€0.14,1,€0.00,VS DENTAL,
146,CHE.000053,SIRINGHE MONO.STER.2.5CC C/AGO 22G S02G22,Endodonzia,101,€0.09,1,€8.99,VS DENTAL,
147,CHE.000065,Siringhe Mono.ster.5Cc No/ago 100Pz Luerlock S05Ll Chemil,Endodonzia,90,€0.15,1,€13.46,VS DENTAL,
148,CHE.000094,SIRINGHE MONOUSO STERILI CHEMIL 100PZ,Endodonzia,0,€0.15,,€0.00,VS DENTAL,
150,LAR.000136,SPUGNETTE PER ENDODONZIA 5MM R90  LARIDENT,Endodonzia,0,€0.14,,€0.00,VS DENTAL,
151,MAI.001105,START-X TIP N.1/2/3/4/5,Endodonzia,0,€112.00,,€0.00,VS DENTAL,
153,OGN.000109,TUBULICLEAN SOL.EDTA OGNA,Endodonzia,0,€21.15,,€0.00,VS DENTAL,
154,MEI.000138,ABRASIVI ARKANSAS 645XF-314 CONF DA 6PZ,Frese - Abrasivi,0,€2.72,,€0.00,VS DENTAL,
155,VIV.000168,ASTRPOL P FIAMMA PICCOLA 557614 6 PZ,Frese - Abrasivi,0,€3.65,,€0.00,VS DENTAL,
156,TRM.000053,DISCHE POP-ON SOF-LEX 2381F,Frese - Abrasivi,0,€0.42,,€0.00,VS DENTAL,
157,TRM.000039,DISCHI POP-ON SOF-LEX 1982C,Frese - Abrasivi,0,€0.42,,€0.00,VS DENTAL,
158,TRM.000052,DISCHI POP-ON SOF-LEX 2381C,Frese - Abrasivi,0,€0.42,,€0.00,VS DENTAL,
159,TRM.000054,DISCHI POP-ON SOF-LEX 2381M,Frese - Abrasivi,0,€0.42,,€0.00,VS DENTAL,
160,TRM.000055,DISCHI POP-ON SOF-LEX 2381SF,Frese - Abrasivi,0,€0.42,,€0.00,VS DENTAL,
161,TRM.000057,DISCHI POP-ON SOF-LEX 2382F,Frese - Abrasivi,0,€0.42,,€0.00,VS DENTAL,
162,TRM.000082,DISCHI POP-ON SOF-LEX 2382M,Frese - Abrasivi,0,€0.45,,€0.00,VS DENTAL,
163,TRM.000059,DISCHI POP-ON SOF-LEX 2382SF,Frese - Abrasivi,0,€0.42,,€0.00,VS DENTAL,
164,TRM.000056,"DISCHI POP-ON XT 12,7MM 2382C",Frese - Abrasivi,0,€0.42,,€0.00,VS DENTAL,
165,TRM.000035,"DISCHI POP-ON-SOF-LEX 9,5MM 1981C",Frese - Abrasivi,0,€0.45,,€0.00,VS DENTAL,
169,H1SEM.205.014,FRESA CT H1SEM.205.014 KOMET,Frese - Abrasivi,0,€5.02,,€0.00,KOMET,
170,H1SEM.205.018,FRESA CT H1SEM.205.018 KOMET,Frese - Abrasivi,0,€5.02,,€0.00,KOMET,
171,KER.000246,Fresa Fg Castoro Jet 5Pz. 1958 400044 - Jk5,Frese - Abrasivi,0,€3.86,,€0.00,VS DENTAL,
172,MEI.000587,FRESA HM1S-204-008 3PZ,Frese - Abrasivi,0,€3.10,,€0.00,KOMET,
173,MEI.000259,FRESA HM1S-204-010 3PZ,Frese - Abrasivi,0,€3.10,,€0.00,KOMET,
174,MEI.000260,FRESA HM1S-204-012 3PZ,Frese - Abrasivi,0,€3.10,,€0.00,KOMET,
175,MEI.000261,FRESA HM1S-204-014 3PZ,Frese - Abrasivi,0,€3.10,,€0.00,KOMET,
176,MEI.000263,FRESA HM1S-204-018 3PZ,Frese - Abrasivi,0,€3.10,,€0.00,KOMET,
177,MEI.000267,FRESA HM1S-205-014 3PZ,Frese - Abrasivi,0,€4.40,,€0.00,KOMET,
178,MEI.000268,FRESA HM1S-205-018  3PZ,Frese - Abrasivi,0,€4.40,,€0.00,KOMET,
179,INT.000044,FRESA INTENSIV FG 200S GR.1 3PZ,Frese - Abrasivi,0,€5.47,,€0.00,VS DENTAL,
180,INT.000299,FRESA INTENSIV FG 201N GR.1 3PZ,Frese - Abrasivi,0,€5.47,,€0.00,VS DENTAL,
181,INT.000050,FRESA INTENSIV FG 201S GR.1 3PZ,Frese - Abrasivi,0,€5.04,,€0.00,VS DENTAL,
182,INT.000055,FRESA INTENSIV FG 204 GR.2 3PZ,Frese - Abrasivi,0,€9.97,,€0.00,VS DENTAL,
183,INT.000058,FRESA INTENSIV FG 205L GR.2 3PZ,Frese - Abrasivi,0,€7.71,,€0.00,VS DENTAL,
185,INT.000409,FRESA INTENSIV FG 205LC GR.2S 3PZ,Frese - Abrasivi,0,€9.96,,€0.00,VS DENTAL,
186,INT.000066,FRESA INTENSIV FG 212S GR.1 3PZ,Frese - Abrasivi,0,€5.47,,€0.00,VS DENTAL,
187,INT.000535,FRESA INTENSIV FG 212C GR.1 3PZ,Frese - Abrasivi,0,€9.30,,€0.00,VS DENTAL,
188,INT.000307,FRESA INTENSIV FG 244 GR.2 3PZ,Frese - Abrasivi,0,€7.71,,€0.00,VS DENTAL,
189,INT.000100,FRESA INTENSIV FG 305L GR.3 3PZ,Frese - Abrasivi,0,€9.60,,€0.00,VS DENTAL,
190,INT.000130,FRESA INTENSIV FG 3414B GR.4S 1PZ,Frese - Abrasivi,0,€19.40,,€0.00,VS DENTAL,
191,INT.000131,FRESA INTENSIV FG 3513N GR.4S 1PZ,Frese - Abrasivi,0,€19.20,,€0.00,VS DENTAL,
192,INT.000132,FRESA INTENSIV FG 3514 GR.4S 1PZ,Frese - Abrasivi,0,€14.80,,€0.00,VS DENTAL,
193,INT.000150,FRESA INTENSIV FG 40D9 GR.4S 1PZ,Frese - Abrasivi,0,€14.80,,€0.00,VS DENTAL,
194,INT.000621,FRESA INTENSIV FG 4201S GR.4S 1PZ,Frese - Abrasivi,0,€16.40,,€0.00,VS DENTAL,
195,INT.000156,FRESA INTENSIV FG 4205L Gr.4S 1PZ,Frese - Abrasivi,0,€15.79,,€0.00,VS DENTAL,
196,INT.000159,FRESA INTENSIV FG 4255 GR.4S 1PZ,Frese - Abrasivi,0,€16.46,,€0.00,VS DENTAL,
197,INT.000605,FRESA INTENSIV FG 4400S GR.4S 1PZ,Frese - Abrasivi,0,€19.90,,€0.00,VS DENTAL,
198,,FRESA INTENSIV FG 4505L GR.4S 1PZ,Frese - Abrasivi,0,€19.40,,€0.00,VS DENTAL,
199,INT.000167,FRESA INTENSIV FG 50D9 GR.4S 1PZ,Frese - Abrasivi,0,€14.80,,€0.00,VS DENTAL,
200,INT.000172,FRESA INTENSIV FG 5255 GR.4S 1PZ,Frese - Abrasivi,0,€15.79,,€0.00,VS DENTAL,
201,INT.000173,FRESA INTENSIV FG 5274 GR.4S 1PZ,Frese - Abrasivi,0,€16.40,,€0.00,VS DENTAL,
202,INT.000358,FRESA INTENSIV FG 8425 GR.2 3PZ,Frese - Abrasivi,0,€7.71,,€0.00,VS DENTAL,
203,INT.000349,FRESA INTENSIV FG 8427 GR.2 3PZ,Frese - Abrasivi,0,€7.07,,€0.00,VS DENTAL,
205,INT.000185,FRESA INTENSIV FG 8510 GR.2 3PZ,Frese - Abrasivi,0,€7.07,,€0.00,VS DENTAL,
206,INT.000186,FRESA INTENSIV FG 8514 GR.2 3PZ,Frese - Abrasivi,0,€7.07,,€0.00,VS DENTAL,
207,INT.000287,FRESA INTENSIV FG 8614 GR.2 3PZ,Frese - Abrasivi,0,€7.07,,€0.00,VS DENTAL,
208,INT.000510,FRESA INTENSIV FG L400S GR.2S 3PZ,Frese - Abrasivi,0,€8.51,,€0.00,VS DENTAL,
209,INT.000605,FRESA INTENSIV FG.4400S GR.4S 1PZ,Frese - Abrasivi,0,€19.20,,€0.00,VS DENTAL,
210,INT.000108,FRESA INTENSIV GF 3117 GR.4S 1PZ,Frese - Abrasivi,0,€14.80,,€0.00,VS DENTAL,
211,INT.000044,FRESA INTESIV FG 200S GR.1 3PZ,Frese - Abrasivi,0,€5.47,,€0.00,VS DENTAL,
212,INT.000138,FRESA INTESIV FG 400S GR.2 3PZ,Frese - Abrasivi,0,€8.51,,€0.00,VS DENTAL,
213,INT.000535,FRESAINTENSIV FG 212C GR.2S 3PZ,Frese - Abrasivi,0,€9.30,,€0.00,VS DENTAL,
214,66-325,FRESE DIAM. STERILI MEDIABASI ISO 013 GRANA GROSSA,Frese - Abrasivi,0,€1.72,,€0.00,DENTAL LEADER,
215,66-324,FRESE DIAM.STERILI MEDIABASI  ISO 015 GRANA GROSSA,Frese - Abrasivi,0,€1.72,,€0.00,DENTAL LEADER,
216,IDE.000047,GOMMINI MONTATI MARRONI MINIPUNTA B13W,Frese - Abrasivi,0,€2.23,,€0.00,VS DENTAL,
222,TRM.000044,MANDRINI POP-ON SOFT LEX 1983RA,Frese - Abrasivi,0,€6.80,,€0.00,VS DENTAL,
223,HAW.000360,OPTIDISC  4198 12.6 MM EXTRA COARSE MARRONE,Frese - Abrasivi,0,€0.23,,€0.00,VS DENTAL,
224,HAW.000060,OPTIDISC 4181 9.6MM CORSE/MEDIUM ROSSO,Frese - Abrasivi,0,€0.23,,€0.00,VS DENTAL,
225,HAW.000067,OPTIDISC 4182 RIC. 9.6mm FINE,Frese - Abrasivi,0,€0.24,,€0.00,VS DENTAL,
226,HAW.000340,OPTIDISC 4183 RIC 9.6mm EXTRA FIN,Frese - Abrasivi,0,€0.24,,€0.00,VS DENTAL,
227,HAW.000310,OPTIDISC 4184 12.6MM MEDIUM ROSSO,Frese - Abrasivi,0,€0.23,,€0.00,VS DENTAL,
228,HAW.000311,OPTIDISC 4185 12.6MM FINE ARANCIO,Frese - Abrasivi,0,€0.28,1,€0.00,VS DENTAL,
229,HAW.000338,OPTIDISC 4186 RIC 12.6 mm EX-FINE,Frese - Abrasivi,0,€0.24,1,€0.00,VS DENTAL,
230,HAW.000353,OPTIDISC 4197 9.6MM EXTRA COARSE MARRONE,Frese - Abrasivi,0,€0.25,,€0.00,VS DENTAL,
234,IDE.000057,PUNTE SILICONICHE PER COMPOSITI COPPETTA C9W2,Frese - Abrasivi,12,€2.16,1,€25.93,VS DENTAL,
235,IDE.000056,PUNTE SILICONICHE PER COMPOSITI FIAMMA C8W2,Frese - Abrasivi,0,€2.16,1,€0.00,VS DENTAL,
236,IDE.000054,PUNTE SILICONICHE PER COMPOSITI LENTE C6W,Frese - Abrasivi,0,€2.16,,€0.00,VS DENTAL,
237,IDE.000042,PUNTE SILICONICHE PER COMPOSITI MINIPUNTA A13W2,Frese - Abrasivi,60,€2.16,1,€129.66,VS DENTAL,
238,IDE.000053,PUNTE SILICONICHE PER COMPOSITI MINIPUNTA C13W2 GIALLI,Frese - Abrasivi,0,€2.23,,€0.00,VS DENTAL,
239,TRM.000570,RELYX FIBER POST FRESA MISURA 1,Frese - Abrasivi,0,€22.70,,€0.00,VS DENTAL,
240,TRM.000723,RELYX FIBER POST FRESA MISURA O 56873,Frese - Abrasivi,0,€22.70,,€0.00,VS DENTAL,
241,HAW.000087,SPAZZ. OCCLUBRUSH COPPETTA REGOLARE 2510,Frese - Abrasivi,0,€5.43,1,€0.00,VS DENTAL,
242,HOR.000005,STRISCE ABRASIVE 1 LATO HOTICO,Frese - Abrasivi,0,€0.43,1,€0.00,VS DENTAL,
243,00003,STRISCE LUCIDATURA GIALLE KOMET,Frese - Abrasivi,0,€8.98,,€0.00,KOMET,
244,DS25.000,STRISCE LUCIDATURA KOMET BLU,Frese - Abrasivi,0,€8.99,,€0.00,KOMET,
245,DS25F.000,STRISCE LUCIDATURA ROSSA KOMET,Frese - Abrasivi,10,€8.99,,€89.90,KOMET,
246,TRM.000028,STRISCE SOF-LEX 1954 3M,Frese - Abrasivi,0,€0.17,,€0.00,VS DENTAL,
247,TRM.000029,STRISCE SOF-LEX 1954N 3M,Frese - Abrasivi,0,€0.26,,€0.00,VS DENTAL,
248,HAG.000196,3 IN 1 PER IMPRONTE  ANTERIORE 404 AZZURRI ,Impronta,0,€0.49,,€0.00,VS DENTAL,
249,HAG.000198,3 IN 1 PER IMPRONTE MONOFASE POSTERIORE VERDE,Impronta,0,€0.51,1,€0.00,VS DENTAL,
252,KUL.000180,ADESIVO UNIVERSALE,Impronta,0,€19.12,,€0.00,VS DENTAL,
253,TRM.000814,ASTRINGET RETRACTION PASTE,Impronta,0,€2.38,,€0.00,VS DENTAL,
254,KUL.000569,FLEXITIME DYNAMIX MONIPHASE,Impronta,2,€61.08,,€122.16,VS DENTAL,
255,KUL.000635,FLEXITIME LIGHT FLOW,Impronta,0,€42.06,,€0.00,VS DENTAL,
256,KUL.000630,FLEXITIME MEDIUM FLOW,Impronta,0,€21.38,,€0.00,VS DENTAL,
257,OGN.000114,GENGISTAL SOLUZIONE 15ML OGNA,Impronta,0,€33.58,,€0.00,VS DENTAL,
258,ZHE.000150,HYDROGUM 5 ZHERMACK,Impronta,3,€10.88,1,€32.64,VS DENTAL,
259,DMG.000001,LUXABITE DMG,Impronta,0,€86.62,,€0.00,VS DENTAL,
260,ZHE.000012,OCCLUFAST ROCK  2X50Ml + 12 Puntali Medi C200726,Impronta,0,€15.86,,€0.00,VS DENTAL,
262,ESP.000014,PERMADYNE GARANT 02,Impronta,6,€107.56,1,€645.36,VS DENTAL,
263,KER.000152,PERMLASTIC LIGHT BODY KIT,Impronta,2,€31.12,1,€62.24,VS DENTAL,
264,KER.000151,PERMLASTIC REGULAR KIT,Impronta,1,€30.40,1,€30.40,VS DENTAL,
265,ESP.000192,SIRINGA X ELASTOMERI PENTA,Impronta,1,€50.58,1,€50.58,VS DENTAL,
266,ULT.000001,ULTRAPACK CLEANCUT FILO RETRAT. N°0 VIOLA,Impronta,0,€17.00,,€0.00,VS DENTAL,
267,ULT.000005,ULTRAPAK CLEANCUT- FILO PER RETRAZIONE ULTRADENT N.00 GIALLO,Impronta,0,€18.00,,€0.00,VS DENTAL,
268,ULT.000006,ULTRAPAK CLEANCUT- FILO PER RETRAZIONE ULTRADENT N.000,Impronta,0,€21.50,,€0.00,VS DENTAL,
269,ULT.000002,ULTRAPAK CLEANCUT- FILO PER RETRAZIONE ULTRADENT N.1 BLU,Impronta,0,€17.00,,€0.00,VS DENTAL,
270,ULT.000003,ULTRAPAK FILO RETRAT N.2 VERDE,Impronta,0,€17.00,,€0.00,VS DENTAL,
273,001448D,ACQUA DEMINERALIZZATA,Monouso,12,€0.99,1,€11.88,ROSSETTO,
274,X.50021R,ASCIUGAMANI AV CELL 2V. ECOLABEL,Monouso,-10,€1.61,1,-€16.13,D&A s.r.l.s,
275,EUR.000430,ASPIRASALIVA CONF DA 100PZ,Monouso,1700,€0.03,1,€42.50,VS DENTAL,
277,X.30104,BICCHIERE PLASTICA 200CC,Monouso,1200,€0.01,1,€16.80,D&A s.r.l.s,
282,CHE.000118,CAMICE MICROFIBRA ,Monouso,154,€1.57,1,€241.78,VS DENTAL,
285,CNQ.000001,CANNULE BLUTIP,Monouso,0,€0.97,,€0.00,VS DENTAL,
286,DEF.000046,CAPPELLINO CHIRURGIA ,Monouso,0,€0.10,,€0.00,VS DENTAL,
288,X.50023,"CARTA IG. 3V. ""FLU"" 4PZ",Monouso,64,€0.37,1,€23.74,ROSSETTO,
289,NEW.000027,CATENELLE PER TOVAGLIOLI NEW PLASTIDENT,Monouso,0,€3.60,1,€0.00,VS DENTAL,
290,IDS.000023,COPRICALZARI VIROSHOES IN ROTOLO 400PZ,Monouso,1600,€0.08,1,€120.00,VS DENTAL,
291,EUR.000211,COPRIRIUNITOEURONDA LILLA,Monouso,3,€1.74,1,€5.22,VS DENTAL,
293,KIA.0000103,COPRISCARPE KIA MONOUSO,Monouso,330,€0.08,1,€25.41,VS DENTAL,
294,DEF.000005,COPRITESTIERA DISPOTECH BIANCO,Monouso,0,€0.11,1,€0.00,VS DENTAL,
296,ALL.000020,CUFFIE IN TESSUTO,Monouso,0,€0.34,,€0.00,VS DENTAL,
297,DSY.0000146,DRY TIPS SMALL VERDE 50pz,Monouso,0,€0.26,,€0.00,VS DENTAL,
298,RAN.000096,GARZE NON STERILI STERILUX 5X5 8 PIEGHE 100pz,Monouso,1,€0.34,,€0.34,VS DENTAL,
300,EUR.000474,GHIACCIO FREEZE 24 BUSTE IN CELLULOSA EURONDA,Monouso,24,€0.40,1,€9.58,VS DENTAL,
302,OMN.000104,GUAINE cm 240x7 CON ELASTICI DI FISSAGGI O 50 PZ 12.U0006,Monouso,80,€1.20,1,€96.00,VS DENTAL,
303,OMN.000018,GUAINE STERILI CM.120 12.U0004,Monouso,39,€1.20,1,€46.80,VS DENTAL,
307,RAN.000120,GUANTI NITRILE SYNTHIUM PLUS TOP PURPLE S/P 200 PZ XSMALL,Monouso,0,€0.11,1,€0.00,VS DENTAL,
308,CHE.000113,GUANTI NITRILE SYNTHIUM PLUS TOP PURPLE S/P 200pz MEDIUM 7220,Monouso,4400,€0.10,,€418.00,VS DENTAL,
309,CHE.000115,GUANTI NITRILE SYNTHIUM PLUS TOP PURPLE LARGE 200PZ,Monouso,3800,€0.10,1,€361.00,VS DENTAL,
310,CHE.000137,GUANTI SAFE-PLUS POWDER FREE LARGE 100PZ,Monouso,2600,€0.05,1,€117.00,VS DENTAL,
311,CHE.000136,GUANTI SAFE-PLUS POWDER FREE MEDIUM 100PZ,Monouso,0,€0.05,1,€0.00,VS DENTAL,
312,CHE.000135,GUANTI SAFE-PLUS POWDER FREE SMALL 100PZ,Monouso,100,€0.05,1,€4.50,VS DENTAL,
313,CHE.000007,GUANTI SAFE-PLUS POWDER FREE X-SMALL,Monouso,700,€0.11,,€73.50,VS DENTAL,
314,CHE.00034/35/32,"GUANTI STERILI N 6,5/7,5/ 8",Monouso,0,€0.85,,€0.00,VS DENTAL,
315,5-710,KIT X ESAMINAZIONE 3 STRUM (400),Monouso,365,€0.29,1,€104.76,DENTAL LEADER,
316,000022,MASCHERINA CHIRURGICA CON ELASTICO,Monouso,0,€0.37,1,€0.00,AMAZON,
317,000024,MASCHERINA FFP2,Monouso,450,€2.32,1,€1044.00,AMAZON,
319,TX24,MASCHERINE PROTETTIVA  IN TESSUTO,Monouso,35,€7.49,1,€262.15,VS DENTAL,
322,ROE.000011,PALLINE COTONE 00X-PICCOLE  210100,Monouso,0,€17.20,,€0.00,VS DENTAL,
323,ROE.000013,PALLINE COTONE 1 MEDIE 10GR 210111 ROEKO,Monouso,0,€14.32,,€0.00,VS DENTAL,
324,EUR.000177,Paper Tray Lilla Euronda 150PZ,Monouso,0,€0.03,,€0.00,VS DENTAL,
325,DEM.000327,PELLICOLA PROTETIVA BARRIER FILM BLU,Monouso,0,€15.95,,€0.00,VS DENTAL,
326,00004,PELLICOLA TRANSPARENTE,Monouso,0,€1.00,1,€0.00,VS DENTAL,
329,CAT.000038,Raccordo Cattani Art.15 X Aspirasaliva 040515,Monouso,0,€1.07,,€0.00,VS DENTAL,
330,PIE.000008,RISKONTROL PERFECT SYSTEM 250PZ,Monouso,0,€0.12,,€0.00,VS DENTAL,
331,CHE.000059,ROTOLI STERILIZZAZIONE 15 CMM X 200M,Monouso,0,€22.43,1,€0.00,VS DENTAL,
332,CHE.000061,ROTOLI STERILIZZAZIONE 25CM X 200M,Monouso,1,€31.05,,€31.05,VS DENTAL,
333,EUR.000031,ROTOLI STERILIZZAZIONE 5CM X 200M,Monouso,1,€8.00,1,€8.00,VS DENTAL,
334,EUR.000032,ROTOLI STERILIZZAZIONE 7.5 CM X 200M,Monouso,1,€11.00,1,€11.00,VS DENTAL,
335,EUR.000026,ROTOLI STERILIZZAZIONE EUROSTERIL 10X200,Monouso,0,€14.08,,€0.00,VS DENTAL,
336,EUR.000013,RULLI COTONE N°2 300PZ,Monouso,278,€0.03,1,€6.95,VS DENTAL,
337,011347B,SACCHI PER RIFIUTI 120L TRANSPARENTI,Monouso,0,€3.40,1,€0.00,ROSSETTO,
338,00010,SACCHI PER RIFIUTI 30L,Monouso,0,€0.99,1,€0.00,ROSSETTO,
339,00011,SACCHI RIFIUTI 40L,Monouso,0,€0.99,1,€0.00,ROSSETTO,
343,X.50104,SOTTOPIATTO CARTA CM. 30X40 2500PZ,Monouso,750,€0.02,1,€11.25,D&A s.r.l.s,
344,CHE.000048,Telo Sterile 50X50 B5050 1Pz. Chemil,Monouso,20,€0.55,1,€10.92,VS DENTAL,
346,EUR.000135,TOVAGLIOLI TOWEL UP EURONDA 50PZ,Monouso,-338,€1.50,1,-€507.00,VS DENTAL,
349,VIV.000713,ADHESE UNIVERSAL SYSTEM VIVAPEN,Otturazione ricostruzione,0,€78.21,,€0.00,VS DENTAL,
350,DSY.000191,AUTOMATRIX MR DENTSPLY,Otturazione ricostruzione,72,€0.60,1,€43.27,VS DENTAL,
351,DSY.000189,AUTOMATRIX MT DENTSPLY,Otturazione ricostruzione,142,€0.60,1,€85.20,VS DENTAL,
354,DSY.000192,AUTOMATRIX WR DENTSPLY,Otturazione ricostruzione,72,€0.60,1,€43.20,VS DENTAL,
355,LAR.000222,BLOCCO DE LUXE PER IMPASTARE 8X8 100PZ,Otturazione ricostruzione,0,€0.25,,€0.00,VS DENTAL,
356,HAW.000212,CUNEI BIANCHI 822/20 H.NEOS,Otturazione ricostruzione,0,€0.12,,€0.00,VS DENTAL,
357,HAW.000215,CUNEI BLU 822/50 H.NEOS,Otturazione ricostruzione,0,€0.10,,€0.00,VS DENTAL,
358,HAW.000211,CUNEI HAWE NEOS ARANCIO 822/10,Otturazione ricostruzione,0,€0.12,,€0.00,VS DENTAL,
359,ROE.000090,DIGA FLEXI DAM HYGIENIC BLU MEDIUM SENZA LATTICE,Otturazione ricostruzione,0,€1.78,,€0.00,VS DENTAL,
360,HYG.000031,DIGA FOGLI HEAVY DARK CONF DA 36PZ,Otturazione ricostruzione,0,€0.49,,€0.00,VS DENTAL,
361,HYG.000086,DIGA NIC TONE BLU MEDIA CONF DA 36PZ,Otturazione ricostruzione,1,€0.38,,€0.38,VS DENTAL,
364,VIV.000673,EMPRESS DIRECT COLOR 1X1g MARRONE 637904,Otturazione ricostruzione,0,€20.61,,€0.00,VS DENTAL,
365,VIV.000546,EMPRESS DIRECT DENTINA A 3.5 627624AN,Otturazione ricostruzione,0,€45.70,1,€0.00,VS DENTAL,
366,VIV.000545,EMPRESS DIRECT DENTINA A3 627222AN,Otturazione ricostruzione,1,€45.70,1,€45.70,VS DENTAL,
367,VIV.000547,EMPRESS DIRECT DENTINA A4 627223AN,Otturazione ricostruzione,1,€45.70,1,€45.70,VS DENTAL,
368,VIV.000614,EMPRESS DIRECT DENTINA IVA 6,Otturazione ricostruzione,0,€48.88,,€0.00,VS DENTAL,
369,VIV.000571,EMPRESS DIRECT SIRINGA 3 g SMALTO D3 627245AN,Otturazione ricostruzione,0,€43.13,,€0.00,VS DENTAL,
370,VIV.000544,EMPRESS DIRECT SIRINGA 3G DENTINA A 2,Otturazione ricostruzione,0,€45.70,,€0.00,VS DENTAL,
371,VIV.000600,EMPRESS DIRECT SIRINGA 3G DENTINA IVA 5 627224An,Otturazione ricostruzione,1,€46.75,,€46.75,VS DENTAL,
372,VIV.000554,EMPRESS DIRECT SIRINGA 3G SMALTO A3 627234A,Otturazione ricostruzione,0,€46.32,1,€0.00,VS DENTAL,
373,VIV.000555,"EMPRESS DIRECT SIRINGA 3g SMALTO A3,5 62 7235AN",Otturazione ricostruzione,0,€45.70,,€0.00,VS DENTAL,
374,VIV.000556,EMPRESS DIRECT SIRINGA 3G SMALTO A4,Otturazione ricostruzione,0,€45.70,,€0.00,VS DENTAL,
375,VIV.000620,EMPRESS DIRECT SIRINGA 3g SMALTO D2 627244AN,Otturazione ricostruzione,0,€43.13,,€0.00,VS DENTAL,
376,VIV.000552,EMPRESS DIRECT SMALTO A1 627232AN,Otturazione ricostruzione,0,€46.32,1,€0.00,VS DENTAL,
377,VIV.000553,EMPRESS DIRECT SMALTO A2 627233AN,Otturazione ricostruzione,0,€46.75,,€0.00,VS DENTAL,
379,TRM.000674,FILTEK SUPREME XTE 4910 A1-3,Otturazione ricostruzione,0,€44.40,,€0.00,VS DENTAL,
380,TRM.000668,FILTEK SUPREME XTE 4910 A2-5 3GR,Otturazione ricostruzione,0,€44.40,,€0.00,VS DENTAL,
381,TRM.000654,FILTEK SUPREME XTE 4910 A2-B,Otturazione ricostruzione,0,€44.40,,€0.00,VS DENTAL,
382,TRM.000675,FILTEK SUPREME XTE 4910 A2-E,Otturazione ricostruzione,0,€44.40,,€0.00,VS DENTAL,
383,TRM.000676,FILTEK SUPREME XTE 4910 A3-E,Otturazione ricostruzione,0,€44.40,1,€0.00,VS DENTAL,
384,TRM.000657,FILTEK SUPREME XTE 4910 A4-B,Otturazione ricostruzione,0,€44.40,,€0.00,VS DENTAL,
385,TRM.000670,FILTEK SUPREME XTE 4910 A4-D,Otturazione ricostruzione,0,€44.40,,€0.00,VS DENTAL,
386,TRM.000711,FILTEK SUPREME XTE FLOWABLE A2 4920-A2,Otturazione ricostruzione,0,€27.41,,€0.00,VS DENTAL,
387,TRM.000712,Filtek Supreme Xte Flowable A3 2X2Gr 4920-A3,Otturazione ricostruzione,0,€27.41,,€0.00,VS DENTAL,
388,TRM.000714,Filtek Supreme Xte Flowable A4 2X2Gr 4920-A4,Otturazione ricostruzione,0,€27.41,,€0.00,VS DENTAL,
389,TRM.000720,FILTEK SUPREME XTE FLOWABLEB 4920W,Otturazione ricostruzione,0,€33.58,,€0.00,VS DENTAL,
390,OGN.000165,G.P.R. GUTTA PERCHA REMOVER OGNA DG00104 5,Otturazione ricostruzione,0,€31.45,1,€0.00,VS DENTAL,
391,KER.000465,GEL ETCHANT ECONOMY PACK  34632,Otturazione ricostruzione,0,€40.00,,€0.00,VS DENTAL,
394,KER.000040,KOLOR PLUS MARRONE 2 ML,Otturazione ricostruzione,0,€33.81,1,€0.00,VS DENTAL,
395,GAR.000020,MATRICI COMPOSI-TIGHT 3D MOLARE 6.4MM M200 100PZ,Otturazione ricostruzione,0,€0.66,,€0.00,VS DENTAL,
396,HAW.000044,MATRICI TITANIO BOMBATE 1590 PER PREMOLARI 30PZ,Otturazione ricostruzione,0,€1.41,,€0.00,VS DENTAL,
397,HAW.000045,MATRICI TITANIO BOMBATE 1591 PER MOLARI 30PZ,Otturazione ricostruzione,0,€1.40,,€0.00,VS DENTAL,
398,IDS.000435,MICRO APPLICATORI EXTRA FINI  4X100PZ,Otturazione ricostruzione,200,€0.05,,€10.20,VS DENTAL,
399,RON.000045,MICROBRUSH PLUS FINE 467/3 ROSA- GIALLO 400PZ,Otturazione ricostruzione,0,€0.08,1,€0.00,VS DENTAL,
400,RON.000044,MICROBRUSH PLUS REGULAR 467/2 VERDE-VIOLA-ARANCIO-BLU 400PZ,Otturazione ricostruzione,0,€0.91,1,€0.00,VS DENTAL,
401,TRM.000242,MICROSPUGNE 3M 7522S 200PZ,Otturazione ricostruzione,0,€0.15,,€0.00,VS DENTAL,
402,VIV.000537,MONOBOND PLUS 5GR IVOCLAR,Otturazione ricostruzione,0,€61.63,,€0.00,VS DENTAL,
403,ULT.000147,Omni-Matrix Sectional - Bande X Matrice Large 40 Pz Up 309,Otturazione ricostruzione,0,€0.59,,€0.00,VS DENTAL,
404,ULT.000145,Omni-Matrix Sectional - Bande X Matrice Regular 40 Pz Up 304,Otturazione ricostruzione,0,€0.55,,€0.00,VS DENTAL,
405,ULT.000307,OPALDAM GREEN RICAMBI 4X1.2ML,Otturazione ricostruzione,2,€16.13,1,€32.26,VS DENTAL,
406,KER.000051,OPTIBOND FL ADHESIVE 8ML,Otturazione ricostruzione,0,€54.15,1,€0.00,VS DENTAL,
407,KER.000050,OPTIBOND FL PRIMER 8ML 25881 E,Otturazione ricostruzione,0,€54.15,,€0.00,VS DENTAL,
409,VIV.000450,OPTRAGATE REFILL JUNIOR 80PZ,Otturazione ricostruzione,24,€1.27,1,€30.48,VS DENTAL,
410,VIV.000378,OPTRAGATE REFILL REGULAR 80PZ,Otturazione ricostruzione,48,€1.23,1,€58.94,VS DENTAL,
411,VIV.000383,OPTRAGATE REFILL SMALL VIVADENT 80PZ,Otturazione ricostruzione,148,€1.25,1,€184.26,VS DENTAL,
412,VIV.000531,OPTRASTICK REFIL 40PZ,Otturazione ricostruzione,0,€0.54,,€0.00,VS DENTAL,
415,ESP.000196,PUNTALI GARANT CANNULE MISCEL. GIALLE 71452 3M 50PZ,Otturazione ricostruzione,0,€1.05,,€0.00,VS DENTAL,
416,ESP.000199,PUNTALI INTRAOR.MISC.GIALLI X GARANT 50PZ,Otturazione ricostruzione,0,€0.73,,€0.00,VS DENTAL,
417,DMG.000002,PUNTALI LUXABITE AUTOMIX ARANCIONI 25PZ,Otturazione ricostruzione,0,€0.98,1,€0.00,VS DENTAL,
418,TRY.000018,PUNTALI MISCEL. MIX SMALL GIALLI 50PZ. 4M1000 TRAYART,Otturazione ricostruzione,100,€0.34,1,€34.00,VS DENTAL,
419,IDS.000265,PUNTALI MISCELAZIONE OPTICORE AZZURRI 50PZ,Otturazione ricostruzione,0,€0.31,,€0.00,VS DENTAL,
420,TRM.000517,PUNTALI MISCELAZIONE PENTA ROSSE X PENTAMIX 77949 3M 50PZ,Otturazione ricostruzione,12,€0.86,1,€10.37,VS DENTAL,
421,0936,QUICKMAT MATRICI SEZIONALI POLYDENTIA REF 570575706 100PZ,Otturazione ricostruzione,0,€0.41,1,€0.00,VS DENTAL,
422,TRM.000772,RELYX UNICEM 2 MIXING NTIPS NENDO 15 PZ,Otturazione ricostruzione,0,€1.50,,€0.00,VS DENTAL,
423,VIV.000769,Speedcem Plus Refill Giallo 9Gr. 681710Ww,Otturazione ricostruzione,0,€90.00,,€0.00,VS DENTAL,
426,VIV.000389,"TETRIC EVOCERAMSIR.A3,5/230 590315WW",Otturazione ricostruzione,1,€41.20,,€41.20,VS DENTAL,
427,VIV.000828,TETRIC EVOFLOW BULK FILL REFILL 2 GR IVA 646472WW,Otturazione ricostruzione,0,€27.45,,€0.00,VS DENTAL,
428,VIV.000482,TETRIC EVOFLOW COLORE A2,Otturazione ricostruzione,1,€26.32,1,€26.32,VS DENTAL,
429,VIV.000483,TETRIC EVOFLOW COLORE A3,Otturazione ricostruzione,0,€26.32,1,€0.00,VS DENTAL,
430,VIV.000488,TETRIC EVOFLOW SIR 2GR A4 595978,Otturazione ricostruzione,1,€25.19,0,€25.19,VS DENTAL,
431,VIV.000481,TETRIC EVOFLOW SIR.2GR A1 595953,Otturazione ricostruzione,0,€25.19,1,€0.00,VS DENTAL,
432,VIV.000485,"TETRIC EVOFLOW SIR.2GR A3,5 595956",Otturazione ricostruzione,-2,€26.32,,-€52.64,VS DENTAL,
433,VIV.000486,"TETRIC EVOFLOW SIR.2GR A3,5 DENTINA 5959 80",Otturazione ricostruzione,0,€22.45,,€0.00,VS DENTAL,
434,RON.000043,ULTRABRUSH PLUS 467/1 ROSSI-BLU  ROEN,Otturazione ricostruzione,0,€0.12,,€0.00,VS DENTAL,
435,HYG.000112,UNCINO ANTERIORI B4 HYGENIC H01051,Otturazione ricostruzione,0,€12.20,,€0.00,VS DENTAL,
436,HUF.000531,UNCINO HUF/FRIEDY RDCM212,Otturazione ricostruzione,0,€16.50,,€0.00,VS DENTAL,
437,IVO.000010,UNCINO IVORY C.ALETTE 2 GR1,Otturazione ricostruzione,0,€18.90,,€0.00,VS DENTAL,
438,IVO.000044,UNICINO IVORY C.ALETTE 27n GR.2,Otturazione ricostruzione,0,€24.50,,€0.00,VS DENTAL,
439,IVO.000028,UNCINO IVORY LABIALI 6 GR.2,Otturazione ricostruzione,0,€18.90,,€0.00,VS DENTAL,
440,IVO.000043,UNCINO IVORY S.ALETTE 26N GR.2,Otturazione ricostruzione,0,€24.50,,€0.00,VS DENTAL,
443,VOC.000138,ADMIRA PROTECT VOCO FL 4.5 ML,Profilassi,0,€109.00,,€0.00,VS DENTAL,
445,EMS.000192,AIR FLOW PLUS,Profilassi,0,€23.18,,€0.00,EMS ITALIA SRL,
446,EMS.000072,AIR FLOW POWDER 300GR LIMONE,Profilassi,1,€26.38,1,€26.38,EMS ITALIA SRL,
447,EMS.000169,AIR FLOW SOFT,Profilassi,0,€25.65,1,€0.00,EMS ITALIA SRL,
448,CXBW090,CAVEX BITE+WHITE ABC MASTERKIT,Profilassi,9,€54.00,1,€486.00,,
450,TRM.000012,"CLINPRO SEALANT RIC. SIR. 1,2ML 12637 3M",Profilassi,0,€14.88,1,€0.00,VS DENTAL,
459,00015,FILO SUPER FLOSS,Profilassi,1,€4.89,,€4.89,ROSSETTO,
460,DMG.000008,ICON STARTER KIT INTERPROSSIMALE,Profilassi,0,€161.08,1,€0.00,VS DENTAL,
461,DMG.000007,ICON STARTER KIT VESTIBULARE,Profilassi,0,€161.08,,€0.00,VS DENTAL,
463,HAG.000207,MIRA 2 TON,Profilassi,0,€16.46,,€0.00,VS DENTAL,
464,HAG.000132,MIRAFLUOR TRAY MEDIUM 50PZ,Profilassi,100,€0.54,1,€53.90,VS DENTAL,
465,HAG.000133,MIRAFLUOR TRAY SMALL 50PZ,Profilassi,100,€0.54,1,€53.90,VS DENTAL,
466,ULT.000032,"Opalescence Boost Ricambi (20X1,2Ml) Up 4754",Profilassi,0,€17.94,,€0.00,VS DENTAL,
470,ORB.000014,SATIN TAPE MENTA,Profilassi,3,€3.36,1,€10.08,VS DENTAL,
476,HAN.000013,CARTA ART.SHIMSTOCK METALLICO 8MY 480180,Protesi,1,€12.26,1,€12.26,VS DENTAL,
478,HAN.000007,CARTA ARTICOLAZIONE HANEL DOPPIA NERA,Protesi,0,€13.50,1,€0.00,VS DENTAL,
479,BAU.000011,CARTA ARTICOLAZIONE X-SOTT.BLU BK09 40M BAUCH 200PZ,Protesi,1,€0.05,,€0.05,VS DENTAL,
480,ZET.000011,CERA Azzurrina Morbidissima 156/44Az Zeta,Protesi,0,€0.45,,€0.00,VS DENTAL,
482,GCI.000317,FIT CHECKER ADVANCE BLUE 2X56GR,Protesi,0,€62.90,,€0.00,VS DENTAL,
483,GCI.000034,PATTERN RESIN LIQUIDO,Protesi,0,€31.37,,€0.00,VS DENTAL,
484,GCI.000033,PATTERN RESIN LS CONF.335201,Protesi,0,€64.43,,€0.00,VS DENTAL,
485,GCI.000043,PATTERN RESIN POLVERE,Protesi,0,€41.23,,€0.00,VS DENTAL,
488,SIN.000001,SINTODENT LIQUIDO 125ML,Protesi e articolazione,0,€28.35,,€0.00,VS DENTAL,
489,SIN.000005,SINTODENT POLVERE 125GR A3.5,Protesi e articolazione,0,€44.91,1,€0.00,VS DENTAL,
492,DUR.000200,PELLICOLE FOSFORI PLUS 2X3 SIZE 0 2PZ,Radiologia,0,€88.36,,€0.00,VS DENTAL,
494,DUR.000195,PROTEZIONI VISTACAN  MONOUSO FORMATO 2 (3X4) DURR 300PZ,Radiologia,0,€0.21,,€0.00,VS DENTAL,
495,DUR.000199,PROTEZIONI VISTASCAN MONOUSO FORMATO 0 (2X3) DURR 100PZ,Radiologia,0,€0.26,,€0.00,VS DENTAL,
497,MEL.000122,ROTOLI ET.TERMICHE 50X32-MELAPR.60 (6R.DA 100P) 41943 6000PZ,Sterilizzazione,0,€0.21,,€0.00,VS DENTAL,
498,CHE.000056,ROTOLI STERILIZZAZIONE 10X200 CHEMIL,Sterilizzazione,1,€13.80,,€13.80,VS DENTAL,
500,INL.000149,BACINELLA PETRI DIAM 8 CM,Strumentario,0,€5.63,,€0.00,VS DENTAL,
502,INL.000180,CODE RING BLUE 50 PZ,Strumentario,0,€0.12,,€0.00,VS DENTAL,
503,INL.000182,CODE RING GIALLO 50PZ,Strumentario,0,€0.12,,€0.00,VS DENTAL,
504,INL.000181,CODE RING NERO 50PZ,Strumentario,0,€0.12,,€0.00,VS DENTAL,
515,AES.000013,LAME BISTURI BB512 100PZ,Strumentario,0,€0.19,,€0.00,VS DENTAL,
516,AES.000015,LAME BISTURI BB515 100PZ,Strumentario,0,€0.14,,€0.00,VS DENTAL,
518,HUF.000008,LAME STERILI PER BISTURI 15C HU FRIEDY 100PZ,Strumentario,0,€0.59,,€0.00,VS DENTAL,
535,INL.000141,SPECCHIETTI RODIATI N°5 12PZ,Strumentario,0,€1.60,,€0.00,VS DENTAL,
539,X.10035,ALCOL 90,Disinfezione Pulizia,0,€5.00,1,€0.00,ROSSETTO,
540,BAU.000001,CARTA ARTICOLAZIPONE BK01 300PZ,Protesi,0,€0.05,1,€0.00,VS DENTAL,
541,HAW.000213,CUNEI VERDI 822/30 H.NEOS,Otturazione ricostruzione,0,€0.09,,€0.00,VS DENTAL,
542,LAR.000023,COPPETTA SILICONE PICCOLA D9,Strumentario,4,€2.76,1,€11.04,VS DENTAL,
543,HAW.000217,CUNEI BLU 822/70 H.NEOS,Otturazione ricostruzione,0,€0.10,,€0.00,VS DENTAL,
544,OGN.000125,CUTANPLAST,Anestesia-Farmacia,0,€0.52,,€0.00,VS DENTAL,
545,0002375,CIF CREMA,Disinfezione Pulizia,0,€1.80,1,€0.00,ROSSETTO,
546,ORB.000018,ESSENTIAL FLOSS,Profilassi,0,€3.36,1,€0.00,VS DENTAL,
547,GAS.000003,FISIOLOGICA 250CC,Chirurgia,0,€1.80,1,€0.00,VS DENTAL,
548,INT.000202,FRESA INTENSIV FG D3 GR 3 PZ 3,Frese - Abrasivi,0,€10.53,,€0.00,VS DENTAL,
549,INT.000455,FRESA INTENSIV FG D33 GR.3 PZ 3,Frese - Abrasivi,0,€10.53,,€0.00,VS DENTAL,
550,000017,GEL IGIENIZANTE MANI 5L,Disinfezione Pulizia,0,€10.00,1,€0.00,ROSSETTO,
551,DEM.000044,GKE INDICATORI 10 FIALE DE MARCO,Sterilizzazione,0,€4.24,,€0.00,VS DENTAL,
552,MAI.000221,K-FILE COLOR STER 31MM 20 12D 6PZ,Endodonzia,0,€1.66,,€0.00,VS DENTAL,
553,MAI.000222,K-FILE COLOR STER 31MM 25 12D 6PZ,Endodonzia,0,€1.66,,€0.00,VS DENTAL,
554,AES.000012,LAME BISTURI BB511 100PZ,Strumentario,0,€0.15,,€0.00,VS DENTAL,
555,VIV.000153,MICROPUNTALI X IPS EMPRESS DIRECT 0.4MM 20PZ,Dispositivi,0,€0.69,,€0.00,VS DENTAL,
556,TRM.000018,PENNELLINI RIC. 3M 60 P 1919B 60PZ,Monouso,0,€0.26,,€0.00,VS DENTAL,
557,MAI.001360,PUNTE CARTA PER PROTAPER NEXT X2-X3 180PZ,Endodonzia,0,€0.15,,€0.00,VS DENTAL,
558,SKY30,SKY BITE,Impronta,0,€47.00,1,€0.00,VS DENTAL,
559,00007,SPRAY ANTICALCARE,Disinfezione Pulizia,4,€1.99,1,€7.96,ROSSETTO,
560,941,TAYFORM DISINFETANTE,Disinfezione Pulizia,2,€1.50,1,€3.00,VS DENTAL,
561,939,TEFLON,Impronta,0,€2.00,1,€0.00,VS DENTAL,
562,IVO.000041,UNCINO IVORY S. ALETTE W14 GR2,Otturazione ricostruzione,0,€26.50,,€0.00,VS DENTAL,
563,IVO.000035,UNCINO IVORY S. ALETTE W3 GR1,Otturazione ricostruzione,0,€20.50,,€0.00,VS DENTAL,
564,VIV.000729,VARIOLINK ESTHETIC NEUTRAL,Cementi,0,€83.93,,€0.00,VS DENTAL,
565,VIV.000891,ZIRCAD CEMENT REFIL 8.5G 746963AN,Cementi,0,€77.40,,€0.00,VS DENTAL,
566,CHE.000054,SIRINGHE MONO.STER.5CC C/AGO,Endodonzia,30,€0.16,1,€4.80,,
567,VIV.000822,TETRIC POWERFILL REFIL IVA SIR. 1X3G,Otturazione ricostruzione,0,€42.81,1,€0.00,VS DENTAL,
568,ROE.000048,CONI DI CARTA MEDI ROEKO 120PZ,Endodonzia,0,€0.07,,€0.00,VS DENTAL,
569,ROE.000049,CONI DI CARTA L ROEKO LARGE 120PZ,Endodonzia,0,€0.07,,€0.00,VS DENTAL,
570,IDS.000149,ORALSAN COLLUTORIO 0.2% CLOREXIDINA,Profilassi,0,€13.97,,€0.00,VS DENTAL,
572,SWA.000001,LAME BISTURI STERILE NR15 SWAN MORTON,Chirurgia,100,€31.60,,€3160.00,VS DENTAL,
573,SAW.000003,LAME BISTURI STERILE NR12 SWAN MORTON,Chirurgia,0,€31.60,,€0.00,VS DENTAL,
574,ETH.000091,SUTURA VICRYL V397H 4/0 PZ 36,Chirurgia,36,€6.67,,€240.12,VS DENTAL,
575,DSY.000210,PALEDENT 50 MATRICI MINI,Otturazione ricostruzione,1,€1.08,,€1.08,VS DENTAL,
576,EMS.000275,AIR FLOW PLUS POLV.  BOTT 400GR,Profilassi,2,€94.35,,€188.70,VS DENTAL,
577,OGN.000055,SCANDONEST 2% C. ADRENALINA ROSSA SEPTODONT,Anestesia-Farmacia,0,€0.44,,€0.00,VS DENTAL,
578,INT.000135,FRESA INTENSIV FG 3614 GR.4S PZ 1,Frese - Abrasivi,0,€14.80,,€0.00,VS DENTAL,
579,OGN.000014,SEPTANEST 1-100 BLU SEPTODONT,Anestesia-Farmacia,100,€0.44,,€44.00,VS DENTAL,
580,HYG.000118,DIGA NIC TONE HEAVY NERA,Otturazione ricostruzione,0,€25.59,,€0.00,VS DENTAL,
581,H1.204.006,FRESA CT ROSETTA H1.204.006,Frese - Abrasivi,0,,,€0.00,KOMET,
583,H1SEM.205.010,FRESA CT ROSETTA PER ESCAVAZIONE H1SEM.205.010,Frese - Abrasivi,0,,,€0.00,KOMET,
584,H162SL.314.014,FRESA CT OSTEOTOMIA H162SL.314.014,Frese - Abrasivi,0,,,€0.00,KOMET,
585,H162STZ.314.016,FRESA CT OSTEOTOMIA H162STZ.314.016,Frese - Abrasivi,0,,,€0.00,KOMET,
586,H162SXL.314.014,FRESA CT OSTEOTOMIA H162SXL.314.014,Frese - Abrasivi,0,,,€0.00,KOMET,
587,SIN.000003,SINTODENT POLVERE 125GR A2,Impronta,0,€0.00,,€0.00,VS DENTAL,
588,DSY.000164,VISCO GEL KIT BASE 61605002,Impronta,0,€112.00,,€0.00,VS DENTAL,
589,ULT.000097,ULTRACAL XS RICAMBIO 4 SIRINGHE DA 1.2,Cementi,0,€47.70,,€0.00,VS DENTAL,
590,MAI.000290,HEDSTROEM COLOR STER 25MM 015,Endodonzia,0,€11.72,,€0.00,VS DENTAL,
591,TRM.000991,RELYX UNIVERSAL REFIL A1 56972,Cementi,0,€132.43,,€0.00,VS DENTAL,
592,INT.000312,FRESA INTENSIV FG 255C PZ 3,Frese - Abrasivi,0,€28.70,,€0.00,VS DENTAL,
593,INT.000089,FRESA INTENSIV FG 255 3PZ,Frese - Abrasivi,0,€26.50,,€0.00,VS DENTAL,
594,C061018627,ELMEX TUBO 215ML,Profilassi,9,€40.02,,€360.18,B2 BQUADRO,
595,GAR.000015,COMPOSITI TIGHT 3D MATRICI GRANDI CERVICAL,Otturazione ricostruzione,0,€1.52,,€0.00,VS DENTAL,
596,RON.000106,CUNEI LEGNO DENTORAMA NEUTO SMALL 200 PZ,Otturazione ricostruzione,0,€0.09,,€0.00,VS DENTAL,
597,ETH.000026,SUTURA SETA ETCHICON 7343H 3/0,Chirurgia,0,€3.08,,€0.00,VS DENTAL,
598,0024308,GHIACCIO SPRAY 300ML,Anestesia-Farmacia,1,€2.60,,€2.60,,
599,VIV.000543,EMPRESS DIRECT DENTINA A1  627220AN,Cementi,0,,,€0.00,,
600,IDS.000312,OPTICORE POST PERNI VETRO 1.0- 12 POZ,Endodonzia,0,€2.87,,€0.00,,
601,IDS.000344,OPTICORE POST PERNI VETRO 0.8- 12PZ,Endodonzia,0,€2.87,,€0.00,VS DENTAL,
602,COL.000062,PORTAIMPRONTE PRESIDENT LARGE PLASTICA MONOUSO,Impronta,0,€1.22,,€0.00,VS DENTAL,
603,COL.000064,PORTAIMPRONTE PRESIDENT MEDIUM PLASTICA MONOUSO,Impronta,0,€1.22,,€0.00,VS DENTAL,
604,LAR.000120,PORTAFRESE MISTO Q49 LARIDENT,Strumentario,0,€37.95,,€0.00,VS DENTAL,
605,ZZZ.000072,TRIPLE TRAY POSTERIORI 48PZ 1006203,Impronta,0,,,€0.00,VS DENTAL,
606,ULT.000392,OPALESCENCE PF10% INSAPORE PATIENT KIT,Profilassi,1,€52.56,,€52.56,VS DENTAL,
607,ULT.000396,OPALESCENCE PF 16% INSAPORE PATIENT KIT UP 4482-EU,Profilassi,1,€52.56,,€52.56,VS DENTAL,
608,KUR.000328,PANAVIA SA CEMENT UNIVERSAL AUTOMIX A2 ,Cementi,0,€79.04,,€0.00,VS DENTAL,